name;competence;willingness
ben;0.20000000000000004;0.30500000000000005
